Workbook

Sheet Dashboard
A1: ⛏️ TABLEAU DE BORD — SIMULATION MINIÈRE
A3: 🚛 RÉSUMÉ DE LA FLOTTE | I3: Données graphiques
A4: Équipement | B4: Total | C4: Type 1 | D4: Type 2 | E4: Type 3 | I4: Équipement | J4: Quantité
A5: Camions | B5: =COUNTA(Camion!A2:A42) -> 41 | C5: =COUNTIF(Camion!B2:B42,1) -> 12 | D5: =COUNTIF(Camion!B2:B42,2) -> 14 | E5: =COUNTIF(Camion!B2:B42,3) -> 15 | I5: Camions | J5: =B5 -> 41
A6: Pelles | B6: =COUNTA(Pelle!A2:A100) -> 3 | C6: =COUNTIF(Pelle!D2:D100,1) -> 1 | D6: =COUNTIF(Pelle!D2:D100,2) -> 1 | E6: =COUNTIF(Pelle!D2:D100,3) -> 1 | I6: Pelles | J6: =B6 -> 3
A7: Bulldozers | B7: =COUNTA(Bulldozer!A2:A100) -> 2 | C7: =COUNTIF(Bulldozer!D2:D100,1) -> 1 | D7: =COUNTIF(Bulldozer!D2:D100,2) -> 1 | E7: =COUNTIF(Bulldozer!D2:D100,3) -> 0 | I7: Bulldozers | J7: =B7 -> 2
A8: Stations Carburant | B8: =COUNTA(Station!A2:A100) -> 3 | C8: =COUNTIF(Station!D2:D100,1) -> 1 | D8: =COUNTIF(Station!D2:D100,2) -> 1 | E8: =COUNTIF(Station!D2:D100,3) -> 1 | I8: Stations | J8: =B8 -> 3
A9: TOTAL FLOTTE | B9: =SUM(B5:B8) -> 49 | C9: =SUM(C5:C8) -> 15 | D9: =SUM(D5:D8) -> 17 | E9: =SUM(E5:E8) -> 17
A11: 🔧 ANALYSE DES PANNES | I11: Équipement | J11: Nb Pannes | K11: Durée Moy (h)
A12: Équipement | B12: Nb Pannes | C12: Durée Moy (h) | D12: Durée Max (h) | E12: TBF Moyen (h) | F12: Total Arrêt (h) | G12: Disponibilité (%) | I12: Camions | J12: =B13 -> 42600 | K12: =C13 -> 6.982864
A13: Camions | B13: =COUNTA(Pannes_Camions!A2:A42601) -> 42600 | C13: =AVERAGE(Pannes_Camions!C2:C42601) -> 6.982864 | D13: =MAX(Pannes_Camions!C2:C42601) -> 180.58529 | E13: =AVERAGE(Pannes_Camions!D2:D42601) -> 198.24155 | F13: =SUM(Pannes_Camions!C2:C42601) -> 297470.01 | G13: =E13/(E13+C13) -> 0.9659745 | I13: Pelles | J13: =B14 -> 1227 | K13: =C14 -> 2.0460283
A14: Pelles | B14: =COUNTA(Pannes_Pelles!A2:A1228) -> 1227 | C14: =AVERAGE(Pannes_Pelles!C2:C1228) -> 2.0460283 | D14: =MAX(Pannes_Pelles!C2:C1228) -> 10.839448 | E14: =AVERAGE(Pannes_Pelles!D2:D1228) -> 211.66 | F14: =SUM(Pannes_Pelles!C2:C1228) -> 2510.4767 | G14: =E14/(E14+C14) -> 0.99042597 | I14: Bulldozers | J14: =B15 -> 814 | K14: =C15 -> 2.1275363
A15: Bulldozers | B15: =COUNTA(Pannes_Bulldozers!A2:A815) -> 814 | C15: =AVERAGE(Pannes_Bulldozers!C2:C815) -> 2.1275363 | D15: =MAX(Pannes_Bulldozers!C2:C815) -> 8.9887074 | E15: =AVERAGE(Pannes_Bulldozers!D2:D815) -> 212.68171 | F15: =SUM(Pannes_Bulldozers!C2:C815) -> 1731.8145 | G15: =E15/(E15+C15) -> 0.9900957
A16: TOTAL | B16: =SUM(B13:B15) -> 44641 | C16: =AVERAGE(C13:C15) -> 3.7188095 | D16: =MAX(D13:D15) -> 180.58529 | E16: =AVERAGE(E13:E15) -> 207.52775 | F16: =SUM(F13:F15) -> 301712.3 | G16: =AVERAGE(G13:G15) -> 0.98216539
I17: Équipement | J17: TBF Moy (h) | K17: Dispo (%)
A18: ⛏️ DONNÉES MINIÈRES | I18: Camions | J18: =E13 -> 198.24155 | K18: =G13 -> 0.9659745
A19: KPI Mine | B19: Valeur | C19: Unité | I19: Pelles | J19: =E14 -> 211.66 | K19: =G14 -> 0.99042597
A20: Nombre de paliers (Benchs) | B20: =COUNTA(tonnage_palier!A3:A26) -> 24 | C20: niveaux | I20: Bulldozers | J20: =E15 -> 212.68171 | K20: =G15 -> 0.9900957
A21: Profondeur totale | B21: =MAX(tonnage_palier!A3:A26)-MIN(tonnage_palier!A3:A26) -> 575 | C21: m
A22: Volume total | B22: =SUM(tonnage_palier!B3:B26) -> 496442679 | C22: m³
A23: Tonnage total réel | B23: =SUM(tonnage_palier!D3:D26) -> 1092173897 | C23: tonnes | I23: Bench (Z) | J23: Tonnage Cumulé | K23: Largeur (m) | L23: Bench (Z) | M23: Largeur (m) | N23: Équipement | O23: Disponibilité | P23: Équipement | Q23: Durée Moy (h)
A24: Tonnage simulation | B24: =SUM(tonnage_palier!E3:E26) -> 1.8202898e+08 | C24: tonnes | I24: =tonnage_palier!A3 -> 600 | J24: =tonnage_palier!F3 -> 1.8202898e+08 | K24: =largeur!B2 -> 638.3 | L24: =I24 -> 600 | M24: =K24 -> 638.3 | N24: =I18 -> Camions | O24: =K18 -> 0.9659745 | P24: Camions | Q24: 6.98
A25: Densité | B25: =AVERAGE(tonnage_palier!C3:C26) -> 2.2 | C25: t/m³ | I25: =tonnage_palier!A4 -> 575 | J25: =tonnage_palier!F4 -> 1.8103857e+08 | K25: =largeur!B3 -> 729.3 | L25: =I25 -> 575 | M25: =K25 -> 729.3 | N25: =I19 -> Pelles | O25: =K19 -> 0.99042597 | P25: Pelles | Q25: 2.05
A26: Distance transport max | B26: =MAX(Path!C2:C26) -> 12001.2 | C26: m | I26: =tonnage_palier!A5 -> 550 | J26: =tonnage_palier!F5 -> 1.7953827e+08 | K26: =largeur!B4 -> 820.3 | L26: =I26 -> 550 | M26: =K26 -> 820.3 | N26: =I20 -> Bulldozers | O26: =K20 -> 0.9900957 | P26: Bulldozers | Q26: 2.13
A27: Largeur fosse (base) | B27: =INDEX(largeur!B2:B26,MATCH(MIN(largeur!A2:A26),largeur!A2:A26,0)) -> 2822.4 | C27: m | I27: =tonnage_palier!A6 -> 525 | J27: =tonnage_palier!F6 -> 1.7746874e+08 | K27: =largeur!B5 -> 911.3 | L27: =I27 -> 525 | M27: =K27 -> 911.3
A28: Largeur fosse (sommet) | B28: =INDEX(largeur!B2:B26,MATCH(MAX(largeur!A2:A26),largeur!A2:A26,0)) -> 638.3 | C28: m | I28: =tonnage_palier!A7 -> 500 | J28: =tonnage_palier!F7 -> 1.747723e+08 | K28: =largeur!B6 -> 1002.3 | L28: =I28 -> 500 | M28: =K28 -> 1002.3
I29: =tonnage_palier!A8 -> 475 | J29: =tonnage_palier!F8 -> 1.7140638e+08 | K29: =largeur!B7 -> 1093.3 | L29: =I29 -> 475 | M29: =K29 -> 1093.3
I30: =tonnage_palier!A9 -> 450 | J30: =tonnage_palier!F9 -> 167323614 | K30: =largeur!B8 -> 1184.3 | L30: =I30 -> 450 | M30: =K30 -> 1184.3
I31: =tonnage_palier!A10 -> 425 | J31: =tonnage_palier!F10 -> 1.6277895e+08 | K31: =largeur!B9 -> 1275.3 | L31: =I31 -> 425 | M31: =K31 -> 1275.3
I32: =tonnage_palier!A11 -> 400 | J32: =tonnage_palier!F11 -> 1.5764273e+08 | K32: =largeur!B10 -> 1366.3 | L32: =I32 -> 400 | M32: =K32 -> 1366.3
I33: =tonnage_palier!A12 -> 375 | J33: =tonnage_palier!F12 -> 152340887 | K33: =largeur!B11 -> 1457.3 | L33: =I33 -> 375 | M33: =K33 -> 1457.3
I34: =tonnage_palier!A13 -> 350 | J34: =tonnage_palier!F13 -> 1.4619195e+08 | K34: =largeur!B12 -> 1548.3 | L34: =I34 -> 350 | M34: =K34 -> 1548.3
I35: =tonnage_palier!A14 -> 325 | J35: =tonnage_palier!F14 -> 1.394747e+08 | K35: =largeur!B13 -> 1639.3 | L35: =I35 -> 325 | M35: =K35 -> 1639.3
I36: =tonnage_palier!A15 -> 300 | J36: =tonnage_palier!F15 -> 1.3218914e+08 | K36: =largeur!B14 -> 1730.3 | L36: =I36 -> 300 | M36: =K36 -> 1730.3
I37: =tonnage_palier!A16 -> 275 | J37: =tonnage_palier!F16 -> 1.2431866e+08 | K37: =largeur!B15 -> 1821.3 | L37: =I37 -> 275 | M37: =K37 -> 1821.3
I38: =tonnage_palier!A17 -> 250 | J38: =tonnage_palier!F17 -> 1.1587632e+08 | K38: =largeur!B16 -> 1912.4 | L38: =I38 -> 250 | M38: =K38 -> 1912.4
I39: =tonnage_palier!A18 -> 225 | J39: =tonnage_palier!F18 -> 106862101 | K39: =largeur!B17 -> 2003.4 | L39: =I39 -> 225 | M39: =K39 -> 2003.4
I40: =tonnage_palier!A19 -> 200 | J40: =tonnage_palier!F19 -> 97276015 | K40: =largeur!B18 -> 2094.4 | L40: =I40 -> 200 | M40: =K40 -> 2094.4
... I47: =tonnage_palier!A26 -> 25 | J47: =tonnage_palier!F26 -> 14161047 | K47: =largeur!B25 -> 2731.4 | L47: =I47 -> 25 | M47: =K47 -> 2731.4

Sheet Camion
A1: CamionID | B1: type
A2: 1 | B2: 1
A3: 2 | B3: 1
A4: 3 | B4: 1
A5: 4 | B5: 1
A6: 5 | B6: 1
A7: 6 | B7: 1
A8: 7 | B8: 1
A9: 8 | B9: 1
A10: 9 | B10: 1
A11: 10 | B11: 1
A12: 11 | B12: 1
A13: 12 | B13: 1
... A42: 41 | B42: 3

Sheet Pelle
A1: PelleID | B1: X | C1: Y | D1: type
A2: 1 | B2: 50 | C2: 50 | D2: 1 | E2: M
A3: 2 | B3: -50 | C3: -55 | D3: 2 | E3: SH
A4: 3 | B4: 2260 | C4: 5558 | D4: 3 | E4: SF

Sheet Pannes_Camions
A1: AgentID | B1: Start_Panne(h) | C1: Duration_Panne(h) | D1: TBF(h)
A2: 1 | B2: 72.07595 | C2: 14.453376 | D2: 199.23137
A3: 1 | B3: 284.07136 | C3: 0.00041703819 | D3: 197.54203
A4: 1 | B4: 485.82236 | C4: 0.0955017 | D4: 201.75058
A5: 1 | B5: 682.03878 | C5: 0.043872893 | D5: 196.12092
A6: 1 | B6: 880.77064 | C6: 0.0035626374 | D6: 198.68799
A7: 1 | B7: 1079.8551 | C7: 1.8390155 | D7: 199.08093
A8: 1 | B8: 1282.3542 | C8: 0.75459982 | D8: 200.66003
A9: 1 | B9: 1484.247 | C9: 27.039059 | D9: 201.13824
A10: 1 | B10: 1707.9088 | C10: 0.61727855 | D10: 196.62274
A11: 1 | B11: 1906.661 | C11: 1.7266934 | D11: 198.13491
A12: 1 | B12: 2103.9719 | C12: 6.2993032 | D12: 195.5842
A13: 1 | B13: 2307.5669 | C13: 0.10716227 | D13: 197.29571
... A42601: 100 | B42601: 87494.222 | C42601: 0.054281058 | D42601: 196.9377

Sheet Station
A1: StationCarburant | B1: X | C1: Y | D1: type
A2: 1 | B2: 972.325 | C2: 1300 | D2: 1
A3: 2 | B3: 972.325 | C3: 1300 | D3: 2
A4: 3 | B4: 972.325 | C4: 1300 | D4: 3

Sheet Pannes_Pelles
A1: AgentID | B1: Start_Panne(h) | C1: Duration_Panne(h) | D1: TBF(h)
A2: 1 | B2: 15.949575 | C2: 0.43801096 | D2: 203.44414
A3: 1 | B3: 221.88503 | C3: 1.1347348 | D3: 205.49744
A4: 1 | B4: 448.13267 | C4: 4.6748092 | D4: 225.11291
A5: 1 | B5: 672.62254 | C5: 10.039593 | D5: 219.81506
A6: 1 | B6: 904.39371 | C6: 0.41873789 | D6: 221.73157
A7: 1 | B7: 1095.0319 | C7: 6.0181475 | D7: 190.21942
A8: 1 | B8: 1302.7888 | C8: 4.249388 | D8: 201.7388
A9: 1 | B9: 1500.585 | C9: 0.42527705 | D9: 193.54677
A10: 1 | B10: 1718.5957 | C10: 1.3851258 | D10: 217.58544
A11: 1 | B11: 1934.3458 | C11: 1.309164 | D11: 214.36494
A12: 1 | B12: 2149.3158 | C12: 3.1276654 | D12: 213.66085
A13: 1 | B13: 2364.2847 | C13: 2.9304419 | D13: 211.84126
... A1228: 3 | B1228: 87592.462 | C1228: 5.9165736 | D1228: 206.67893

Sheet Bulldozer
A1: BullID | B1: X | C1: Y | D1: type
A2: 1 | B2: 0 | C2: 0 | D2: 1
A3: 2 | B3: 0 | C3: 0 | D3: 2

Sheet Pannes_Bulldozers
A1: AgentID | B1: Start_Panne(h) | C1: Duration_Panne(h) | D1: TBF(h)
A2: 1 | B2: 69.733353 | C2: 0.27326012 | D2: 213.77689
A3: 1 | B3: 291.12666 | C3: 0.62383289 | D3: 221.12004
A4: 1 | B4: 502.5031 | C4: 5.0280796 | D4: 210.75262
A5: 1 | B5: 720.27359 | C5: 2.0346032 | D5: 212.7424
A6: 1 | B6: 934.20735 | C6: 2.3408794 | D6: 211.89916
A7: 1 | B7: 1151.7579 | C7: 0.44948239 | D7: 215.20968
A8: 1 | B8: 1355.5066 | C8: 1.5036061 | D8: 203.29921
A9: 1 | B9: 1577.4846 | C9: 1.702807 | D9: 220.4744
A10: 1 | B10: 1793.295 | C10: 0.29580938 | D10: 214.10758
A11: 1 | B11: 2012.2209 | C11: 1.6147839 | D11: 218.63006
A12: 1 | B12: 2232.3757 | C12: 1.2210342 | D12: 218.54001
A13: 1 | B13: 2444.1849 | C13: 0.6128764 | D13: 210.58821
... A815: 2 | B815: 87488.744 | C815: 2.9264644 | D815: 215.6356

Sheet largeur
A1: Z | B1: Largeur
A2: =25+A3 -> 600 | B2: 638.3
A3: =25+A4 -> 575 | B3: 729.3
A4: =25+A5 -> 550 | B4: 820.3
A5: =25+A6 -> 525 | B5: 911.3
A6: =25+A7 -> 500 | B6: 1002.3
A7: =25+A8 -> 475 | B7: 1093.3
A8: =25+A9 -> 450 | B8: 1184.3
A9: =25+A10 -> 425 | B9: 1275.3
A10: =25+A11 -> 400 | B10: 1366.3
A11: =25+A12 -> 375 | B11: 1457.3
A12: =25+A13 -> 350 | B12: 1548.3
A13: =25+A14 -> 325 | B13: 1639.3
... A25: =25+A26 -> 25 | B25: 2731.4
A26: 0 | B26: 2822.4

Sheet tonnage_palier
A1: Bench (Z) | B1: Volume | C1: Density | D1: Tonnes_real | E1: Tonnage_Simu | F1: Cumul
A2: =A3+25 -> 625 | B2: 0 | C2: 2.2 | D2: 0 | E2: 0 | F2: =E2+F3 -> 1.8202898e+08
A3: =A4+25 -> 600 | B3: 2701123 | C3: 2.2 | D3: 5942470 | E3: 990411.67 | F3: =E3+F4 -> 1.8202898e+08 | G3: 1
A4: =A5+25 -> 575 | B4: 4091718 | C4: 2.2 | D4: 9001780 | E4: 1500296.7 | F4: =E4+F5 -> 1.8103857e+08 | G4: 2
A5: =A6+25 -> 550 | B5: 5644195 | C5: 2.2 | D5: 12417230 | E5: 2069538.3 | F5: =E5+F6 -> 1.7953827e+08 | G5: 3
A6: =A7+25 -> 525 | B6: 7353915 | C6: 2.2 | D6: 16178613 | E6: 2696435.5 | F6: =E6+F7 -> 1.7746874e+08 | G6: 4
A7: =A8+25 -> 500 | B7: 9179771 | C7: 2.2 | D7: 20195496 | E7: 3365916 | F7: =E7+F8 -> 1.747723e+08 | G7: 5
A8: =A9+25 -> 475 | B8: 11134829 | C8: 2.2 | D8: 24496624 | E8: 4082770.7 | F8: =E8+F9 -> 1.7140638e+08 | G8: 6
A9: =A10+25 -> 450 | B9: 12394551 | C9: 2.2 | D9: 27268012 | E9: 4544668.7 | F9: =E9+F10 -> 167323614 | G9: 7
A10: =A11+25 -> 425 | B10: 14007853 | C10: 2.2 | D10: 30817278 | E10: 5136213 | F10: =E10+F11 -> 1.6277895e+08 | G10: 8
A11: =A12+25 -> 400 | B11: 14459578 | C11: 2.2 | D11: 31811072 | E11: 5301845.3 | F11: =E11+F12 -> 1.5764273e+08 | G11: 9
A12: =A13+25 -> 375 | B12: 16769827 | C12: 2.2 | D12: 36893619 | E12: 6148936.5 | F12: =E12+F13 -> 152340887 | G12: 10
A13: =A14+25 -> 350 | B13: 18319771 | C13: 2.2 | D13: 40303496 | E13: 6717249.3 | F13: =E13+F14 -> 1.4619195e+08 | G13: 11
A14: =A15+25 -> 325 | B14: 19869714 | C14: 2.2 | D14: 43713371 | E14: 7285561.8 | F14: =E14+F15 -> 1.394747e+08 | G14: 12
... A25: =A26+25 -> 50 | B25: 37061392 | C25: 2.2 | D25: 81535063 | E25: 13589177 | F25: =E25+F26 -> 27750224 | G25: 23
A26: 25 | B26: 38621038 | C26: 2.2 | D26: 84966283 | E26: 14161047 | F26: =E26 -> 14161047 | G26: 24

Sheet Path
A1: Z | B1: Distance | C1: Cumulative Distance
A2: 0 | B2: 0 | C2: 0
A3: =25+A2 -> 25 | B3: 500.05 | C3: 500.05
A4: =25+A3 -> 50 | B4: 500.05 | C4: 1000.1
A5: =25+A4 -> 75 | B5: 500.05 | C5: 1500.15
A6: =25+A5 -> 100 | B6: 500.05 | C6: 2000.2
A7: =25+A6 -> 125 | B7: 500.05 | C7: 2500.25
A8: =25+A7 -> 150 | B8: 500.05 | C8: 3000.3
A9: =25+A8 -> 175 | B9: 500.05 | C9: 3500.35
A10: =25+A9 -> 200 | B10: 500.05 | C10: 4000.4
A11: =25+A10 -> 225 | B11: 500.05 | C11: 4500.45
A12: =25+A11 -> 250 | B12: 500.05 | C12: 5000.5
A13: =25+A12 -> 275 | B13: 500.05 | C13: 5500.55
A14: =25+A13 -> 300 | B14: 500.05 | C14: 6000.6
... A26: =25+A25 -> 600 | B26: 500.05 | C26: 12001.2
